frame,timestamp_ms,red_x_visible,red_y_visible,red_w_visible,red_h_visible,red_area,scale_vs_298_if_full_width,inferred_top_y_if_full_width,visible_bottom_y,red_cx,red_cy
34,566.6666666666666,0.0,0.0,16.0,96.0,1087.0,0.053691275167785234,77.63758389261744,96.0,5.494020239190433,41.017479300827965
35,583.3333333333334,0.0,0.0,32.0,214.0,4275.0,0.10738255033557047,177.27516778523488,214.0,11.04046783625731,83.09614035087719
36,600.0,0.0,0.0,46.0,258.0,7885.0,0.15436241610738255,205.20805369127515,258.0,17.27736207989854,100.0003804692454
37,616.6666666666666,0.0,0.0,60.0,294.0,11854.0,0.20134228187919462,225.14093959731542,294.0,23.24287160452168,112.66154884427198
38,633.3333333333334,0.0,0.0,74.0,324.0,16099.0,0.2483221476510067,239.0738255033557,324.0,28.84272315050624,123.87750791974656
39,650.0,0.0,0.0,87.0,352.0,20424.0,0.29194630872483224,252.15436241610738,352.0,34.27839796318057,132.55718762240502
40,666.6666666666666,0.0,0.0,100.0,358.0,24858.0,0.33557046979865773,243.23489932885906,358.0,39.7005792903693,139.73320460214015
41,683.3333333333334,0.0,0.0,112.0,360.0,29072.0,0.37583892617449666,231.46308724832215,360.0,45.07443588332416,144.60501513483766
42,700.0,0.0,0.0,123.0,360.0,33138.0,0.412751677852349,218.83892617449663,360.0,50.35997947975135,148.1706198322168
43,716.6666666666666,0.0,0.0,134.0,360.0,37096.0,0.44966442953020136,206.21476510067114,360.0,55.70471209833944,151.00331572137156
44,733.3333333333334,0.0,0.0,144.0,362.0,40753.0,0.48322147651006714,196.73825503355704,362.0,60.85672220450028,153.40097661521853
45,750.0,0.0,0.0,155.0,362.0,44115.0,0.5201342281879194,184.11409395973155,362.0,66.10808115153576,155.15917488382635
46,766.6666666666666,0.0,0.0,164.0,364.0,47316.0,0.5503355704697986,175.78523489932886,364.0,71.29738354890523,156.6555921886888
47,783.3333333333334,0.0,0.0,174.0,364.0,50458.0,0.5838926174496645,164.30872483221475,364.0,76.43872131277499,158.25448888184232
48,800.0,0.0,0.0,183.0,364.0,53338.0,0.6140939597315436,153.9798657718121,364.0,81.48410139112828,159.425156548802
49,816.6666666666666,0.0,0.0,192.0,366.0,56129.0,0.6442953020134228,145.65100671140942,366.0,86.35904790749879,160.55849917155126
50,833.3333333333334,0.0,0.0,200.0,366.0,58709.0,0.6711409395973155,136.46979865771812,366.0,91.1805345006728,161.4593844214686
51,850.0,0.0,0.0,208.0,366.0,61191.0,0.697986577181208,127.28859060402684,366.0,95.87691000310504,162.3837002173522
52,866.6666666666666,0.0,0.0,216.0,368.0,63534.0,0.7248322147651006,120.10738255033559,368.0,100.46513677715868,163.01817924261024
53,883.3333333333334,0.0,0.0,224.0,368.0,65841.0,0.7516778523489933,110.92617449664431,368.0,104.88888382618732,163.73205145729864
54,900.0,0.0,0.0,230.0,368.0,68068.0,0.7718120805369127,104.04026845637583,368.0,109.16054533701592,164.6391402714932
55,916.6666666666666,2.0,0.0,234.0,368.0,69640.0,0.785234899328859,99.44966442953023,368.0,113.93773693279724,165.14490235496842
56,933.3333333333334,4.0,0.0,240.0,370.0,71177.0,0.8053691275167785,94.56375838926175,370.0,118.71901035446844,165.63564072663922
57,950.0,6.0,0.0,244.0,370.0,72586.0,0.8187919463087249,89.9731543624161,370.0,123.20348276527154,166.05067092827818
58,966.6666666666666,8.0,0.0,248.0,370.0,74036.0,0.8322147651006712,85.38255033557044,370.0,127.51803176832892,166.7831730509482
59,983.3333333333334,10.0,0.0,252.0,370.0,75238.0,0.8456375838926175,80.79194630872485,370.0,131.8516175336931,166.98450251202848
60,1000.0,10.0,0.0,258.0,370.0,76519.0,0.8657718120805369,73.90604026845637,370.0,135.8924842196056,167.73713718161503
61,1016.6666666666666,12.0,0.0,260.0,372.0,78012.0,0.87248322147651,73.6107382550336,372.0,139.29991539763114,168.69538019791827
62,1033.3333333333333,14.0,0.0,264.0,372.0,79037.0,0.8859060402684564,69.02013422818789,372.0,143.20667535458077,169.36097017852398
63,1050.0,16.0,0.0,268.0,372.0,79063.0,0.8993288590604027,64.42953020134229,372.0,147.6161795024221,171.66758154889138
64,1066.6666666666667,16.0,0.0,272.0,372.0,78057.0,0.912751677852349,59.838926174496635,372.0,151.49918649192256,176.38199008416927
65,1083.3333333333333,18.0,0.0,274.0,374.0,76694.0,0.9194630872483222,59.54362416107381,374.0,154.15650507210472,181.7318564685634
66,1100.0,18.0,0.0,280.0,374.0,75204.0,0.9395973154362416,52.657718120805384,374.0,156.97142439231956,186.18249029306952
67,1116.6666666666667,20.0,8.0,282.0,366.0,74123.0,0.9463087248322147,50.36241610738256,374.0,159.0700592258813,190.43980950582144
68,1133.3333333333333,20.0,0.0,286.0,374.0,77421.0,0.959731543624161,45.771812080536904,374.0,161.46226476020718,184.3591532013278
69,1150.0,22.0,0.0,288.0,376.0,78034.0,0.9664429530201343,45.47651006711408,376.0,163.80732757515955,184.1723351359664
70,1166.6666666666667,24.0,0.0,290.0,376.0,78558.0,0.9731543624161074,43.18120805369125,376.0,166.47899641029557,183.9149290969729
71,1183.3333333333333,24.0,0.0,294.0,376.0,79189.0,0.9865771812080537,38.590604026845654,376.0,169.00388942908737,183.69369483135284
72,1200.0,24.0,0.0,298.0,376.0,79911.0,1.0,34.0,376.0,171.39405088160578,183.5726871144148
73,1216.6666666666667,26.0,0.0,300.0,378.0,80381.0,1.0067114093959733,33.70469798657717,378.0,173.89165350020528,183.24454784090767
74,1233.3333333333333,28.0,0.0,300.0,378.0,80812.0,1.0067114093959733,33.70469798657717,378.0,176.27222442211553,183.25488788793743
75,1250.0,30.0,0.0,302.0,378.0,81147.0,1.0134228187919463,31.409395973154346,378.0,178.70919442493252,183.27225898677708
76,1266.6666666666667,30.0,0.0,304.0,378.0,81393.0,1.0201342281879195,29.11409395973152,378.0,180.8937623628568,183.3040433452508
77,1283.3333333333333,32.0,0.0,306.0,378.0,81319.0,1.0268456375838926,26.81879194630875,378.0,183.14679226257087,183.24001770803872
78,1300.0,34.0,0.0,308.0,378.0,81576.0,1.0335570469798658,24.523489932885866,378.0,185.2558595665392,183.50490340296165
79,1316.6666666666667,36.0,0.0,308.0,378.0,81395.0,1.0335570469798658,24.523489932885866,378.0,187.39294796977703,183.44018674365748
80,1333.3333333333333,36.0,0.0,312.0,380.0,81975.0,1.0469798657718121,21.93288590604027,380.0,190.78691064348888,184.5132174443428
81,1350.0,38.0,0.0,312.0,380.0,81687.0,1.0469798657718121,21.93288590604027,380.0,192.32361330444257,184.58656824219275
82,1366.6666666666667,40.0,0.0,316.0,380.0,81596.0,1.0604026845637584,17.342281879194616,380.0,193.85007843521743,184.78930339722532
83,1383.3333333333333,40.0,0.0,316.0,380.0,81556.0,1.0604026845637584,17.342281879194616,380.0,195.0660405120408,185.0515106184708
84,1400.0,42.0,0.0,316.0,380.0,81432.0,1.0604026845637584,17.342281879194616,380.0,196.7732463896257,184.96707682483543
85,1416.6666666666667,42.0,0.0,318.0,380.0,81369.0,1.0671140939597314,15.046979865771846,380.0,198.04322284899652,185.2269783332719
86,1433.3333333333333,42.0,0.0,320.0,380.0,81232.0,1.0738255033557047,12.751677852349019,380.0,199.33424020090604,185.4530849911365
87,1450.0,44.0,0.0,320.0,382.0,81178.0,1.0738255033557047,14.751677852349019,382.0,200.5819803395009,185.5742935278031
88,1466.6666666666667,46.0,0.0,320.0,380.0,80761.0,1.0738255033557047,12.751677852349019,380.0,201.73890863164152,185.64645063830315
89,1483.3333333333333,46.0,0.0,322.0,380.0,80193.0,1.080536912751678,10.456375838926135,380.0,202.0028306710062,185.7374334418216
90,1500.0,46.0,0.0,324.0,382.0,79865.0,1.087248322147651,10.161073825503365,382.0,203.1219558004132,185.96167282288863
91,1516.6666666666667,48.0,0.0,322.0,384.0,79683.0,1.080536912751678,14.456375838926135,384.0,204.04694853356423,186.17877087961045
92,1533.3333333333333,48.0,0.0,324.0,382.0,79348.0,1.087248322147651,10.161073825503365,382.0,205.5862529616373,186.16818319302317
93,1550.0,50.0,0.0,324.0,382.0,79337.0,1.087248322147651,10.161073825503365,382.0,206.54762595006116,186.5305973253337
94,1566.6666666666667,50.0,0.0,326.0,382.0,79167.0,1.0939597315436242,7.865771812080482,382.0,207.9512675736102,186.70352545884015
95,1583.3333333333333,52.0,0.0,326.0,382.0,78804.0,1.0939597315436242,7.865771812080482,382.0,208.8197172732349,186.9090782193797
96,1600.0,52.0,0.0,328.0,382.0,78472.0,1.1006711409395973,5.570469798657712,382.0,210.09684983178715,187.06429044754816
97,1616.6666666666667,54.0,0.0,326.0,382.0,78320.0,1.0939597315436242,7.865771812080482,382.0,211.2241573033708,187.32951991828395
98,1633.3333333333333,54.0,0.0,328.0,384.0,78066.0,1.1006711409395973,7.570469798657712,384.0,212.06658468475396,187.7095662644429
99,1650.0,56.0,0.0,328.0,384.0,78011.0,1.1006711409395973,7.570469798657712,384.0,213.29072823063413,187.97411903449515
100,1666.6666666666667,56.0,0.0,328.0,384.0,77792.0,1.1006711409395973,7.570469798657712,384.0,214.29190662278896,188.3261774989716
101,1683.3333333333333,58.0,0.0,328.0,384.0,77538.0,1.1006711409395973,7.570469798657712,384.0,215.2046222497356,188.69030668833344
102,1700.0,58.0,0.0,328.0,384.0,77582.0,1.1006711409395973,7.570469798657712,384.0,216.5001417854657,189.13128045165115
103,1716.6666666666667,60.0,0.0,328.0,384.0,77417.0,1.1006711409395973,7.570469798657712,384.0,217.8017231357454,189.50745960189624
104,1733.3333333333333,60.0,0.0,330.0,384.0,77309.0,1.1073825503355705,5.275167785234885,384.0,218.76472338278856,190.01752706670632
105,1750.0,60.0,0.0,330.0,384.0,77298.0,1.1073825503355705,5.275167785234885,384.0,220.03877202514943,190.4558332686486
106,1766.6666666666667,62.0,0.0,330.0,386.0,77295.0,1.1073825503355705,7.275167785234885,386.0,221.1316773400608,191.0849214050068
107,1783.3333333333333,62.0,0.0,330.0,386.0,77117.0,1.1073825503355705,7.275167785234885,386.0,222.32038331366624,191.55660878924232
108,1800.0,64.0,2.0,330.0,384.0,76905.0,1.1073825503355705,7.275167785234885,386.0,223.19130095572456,192.14238346011317
109,1816.6666666666667,64.0,2.0,330.0,384.0,76896.0,1.1073825503355705,7.275167785234885,386.0,224.55196629213484,192.6333879525593
110,1833.3333333333333,66.0,2.0,330.0,382.0,76665.0,1.1073825503355705,5.275167785234885,384.0,225.5848953238114,193.0305615339464
111,1850.0,66.0,4.0,330.0,380.0,76804.0,1.1073825503355705,5.275167785234885,384.0,227.0363652934743,193.687646476746
112,1866.6666666666667,66.0,4.0,330.0,382.0,76544.0,1.1073825503355705,7.275167785234885,386.0,227.7652591973244,194.1938362249164
113,1883.3333333333333,68.0,4.0,330.0,382.0,76620.0,1.1073825503355705,7.275167785234885,386.0,229.15334116418688,194.6785826155051
114,1900.0,68.0,6.0,330.0,380.0,76455.0,1.1073825503355705,7.275167785234885,386.0,229.4884703420313,195.04172388986987
115,1916.6666666666667,68.0,6.0,332.0,380.0,76399.0,1.1140939597315436,4.979865771812115,386.0,230.5306744852681,195.3253183942198
116,1933.3333333333333,70.0,10.0,330.0,376.0,76273.0,1.1073825503355705,7.275167785234885,386.0,231.2953863097033,195.7404979481599
117,1950.0,70.0,11.0,332.0,375.0,76327.0,1.1140939597315436,4.979865771812115,386.0,232.18406330656256,196.18656569759065
118,1966.6666666666667,70.0,12.0,332.0,374.0,76457.0,1.1140939597315436,4.979865771812115,386.0,232.791189819114,196.68690898151905
119,1983.3333333333333,72.0,14.0,330.0,372.0,76452.0,1.1073825503355705,7.275167785234885,386.0,233.14641866792235,197.0954455082928
120,2000.0,72.0,15.0,332.0,371.0,76777.0,1.1140939597315436,4.979865771812115,386.0,233.93561873998723,197.68722403844905
121,2016.6666666666667,72.0,14.0,332.0,372.0,76977.0,1.1140939597315436,4.979865771812115,386.0,234.35999064655675,197.8950465723528
122,2033.3333333333333,74.0,14.0,330.0,372.0,77041.0,1.1073825503355705,7.275167785234885,386.0,234.68673823029297,198.04092626004336
123,2050.0,74.0,12.0,330.0,374.0,77060.0,1.1073825503355705,7.275167785234885,386.0,234.86869971450815,198.3347651180898
124,2066.6666666666665,74.0,10.0,332.0,376.0,77199.0,1.1140939597315436,4.979865771812115,386.0,235.40232386429875,198.57987797769405
125,2083.3333333333335,75.0,10.0,331.0,378.0,77102.0,1.110738255033557,8.1275167785235,388.0,236.22230292340015,198.63410806464165
126,2100.0,76.0,10.0,330.0,378.0,77148.0,1.1073825503355705,9.275167785234885,388.0,237.21209882304143,199.05883496655775
127,2116.6666666666665,76.0,12.0,330.0,376.0,77271.0,1.1073825503355705,9.275167785234885,388.0,238.02136635995396,199.2460431468468
128,2133.3333333333335,76.0,12.0,330.0,376.0,76954.0,1.1073825503355705,9.275167785234885,388.0,238.92143358369933,199.3223094316085
129,2150.0,77.0,12.0,329.0,376.0,76814.0,1.104026845637584,10.422818791946327,388.0,239.38712995026947,199.39176452209236
130,2166.6666666666665,78.0,12.0,328.0,376.0,76263.0,1.1006711409395973,11.570469798657712,388.0,239.96392746154757,199.312025490736
131,2183.3333333333335,78.0,12.0,328.0,374.0,75727.0,1.1006711409395973,9.570469798657712,386.0,240.3743314801854,199.4328707066172
132,2200.0,78.0,14.0,330.0,372.0,75330.0,1.1073825503355705,7.275167785234885,386.0,240.77189698659237,199.49015000663744
133,2216.6666666666665,78.0,14.0,328.0,372.0,74881.0,1.1006711409395973,9.570469798657712,386.0,241.38498417489083,199.73854515831783
